Propinsi,Kota/Kab.,Kecamatan,Kelurahan,Kode Pos
Bali,Denpasar,Denpasar Utara,Pemecutan Kaja,80118
Bali,Denpasar,Denpasar Barat,Padangsambian Kaja,80117
Bali,Denpasar,Denpasar Barat,Padangsambian Klod/Kelod,80117
Bali,Jembrana,Pekutatan,Pulukan,82262
Bali,Jembrana,Pekutatan,Pekutatan,82262
Bali,Jembrana,Pekutatan,Pengeragoan (Pengragoan),82262
Bali,Jembrana,Pekutatan,Pulukan,82262
Bali,Jembrana,Pekutatan,Pekutatan,82262
Bali,Jembrana,Pekutatan,Pengeragoan (Pengragoan),82262
Bali,Jembrana,Melaya,Tuwed,82252
Bali,Jembrana,Melaya,Nusa Sari,82252
Bali,Jembrana,Melaya,Tukadaya,82252
Bali,Jembrana,Negara,Banyubiru,82218
Bali,Jembrana,Negara,Berangbang,82218
Bali,Jembrana,Jembrana,Batuagung,82218
Bali,Tabanan,Baturiti,Antapan,82191
Bali,Tabanan,Baturiti,Apuan,82191
Bali,Tabanan,Baturiti,Angseri,82191
Bali,Tabanan,Pupuan,Sanda,82163
Bali,Tabanan,Pupuan,Padangan,82163
Bali,Tabanan,Pupuan,Pajahan,82163
Bali,Tabanan,Selemadeg / Salemadeg Barat,Mundeh,82162
Bali,Tabanan,Selemadeg / Salemadeg Barat,Mundeh Kangin,82162
Bali,Tabanan,Selemadeg / Salemadeg Barat,Mundeh Kauh,82162
Bali,Tabanan,Selemadeg,Antap,82162
Bali,Tabanan,Selemadeg / Salemadeg Barat,Angkah,82162
Bali,Tabanan,Kerambitan,Tibu Biu (Tibubiyu),82161
Bali,Tabanan,Penebel,Sangketan,82152
Bali,Tabanan,Penebel,Senganan,82152
Bali,Tabanan,Penebel,Tajen,82152
Bali,Tabanan,Kediri,Nyambu,82121
Bali,Tabanan,Kediri,Nyitdah,82121
Bali,Tabanan,Kediri,Kaba-Kaba,82121
Bali,Tabanan,Tabanan,Wanasari,82111
Bali,Tabanan,Tabanan,Dauh Peken,82111
Bali,Buleleng,Tejakula,Tembok,81173
Bali,Buleleng,Kubutambahan,Bulian,81172
Bali,Buleleng,Kubutambahan,Bukti,81172
Bali,Buleleng,Kubutambahan,Bila,81172
Bali,Buleleng,Sukasada,Wanagiri,81161
Bali,Buleleng,Sukasada,Sukasada,81161
Bali,Buleleng,Sukasada,Silangjana,81161
Bali,Buleleng,Gerokgak,Pengulon,81155
Bali,Buleleng,Gerokgak,Penyabangan,81155
Bali,Buleleng,Gerokgak,Patas,81155
Bali,Buleleng,Busungbiu,Bongancina,81154
Bali,Buleleng,Busungbiu,Busungbiu,81154
Bali,Buleleng,Busungbiu,Bengkel,81154
Bali,Buleleng,Seririt,Kalianget,81153
Bali,Buleleng,Seririt,Bubunan,81153
Bali,Buleleng,Seririt,Banjar Asem,81153
Bali,Buleleng,Banjar,Banjar Tegeha,81152
Bali,Buleleng,Buleleng,Tukadmungga,81119
Bali,Buleleng,Buleleng,Petandakan,81119
Bali,Buleleng,Buleleng,Kaliuntu,81116
Bali,Buleleng,Buleleng,Kampung Anyar,81115
Bali,Buleleng,Buleleng,Kampung Bugis,81115
Bali,Karangasem,Manggis,Gegelang,80871
Bali,Karangasem,Sidemen,Wisma Kerta,80864
Bali,Karangasem,Manggis,Antiga,80871
Bali,Karangasem,Selat,Sebudi,80862
Bali,Karangasem,Selat,Duda Utara,80862
Bali,Karangasem,Selat,Muncan,80862
Bali,Karangasem,Kubu,Kubu,80853
Bali,Karangasem,Kubu,Ban,80853
Bali,Karangasem,Kubu,Batu Ringgit,80853
Bali,Karangasem,Karang Asem,Seraya Tengah,80811
Bali,Karangasem,Karang Asem,Seraya Timur,80811
Bali,Karangasem,Karang Asem,Pertima,80811
Bali,Klungkung,Nusapenida,Batununggul,80771
Bali,Klungkung,Nusapenida,Bunga Mekar,80771
Bali,Klungkung,Nusapenida,Batumadeg,80771
Bali,Klungkung,Banjarangkan,Tihingan,80752
Bali,Klungkung,Banjarangkan,Nyanglan,80752
Bali,Klungkung,Banjarangkan,Nyalian,80752
Bali,Klungkung,Klungkung,Jumpai,80716
Bali,Klungkung,Klungkung,Kamasan,80716
Bali,Klungkung,Klungkung,Akah,80716
Bali,Bangli,Susut,Demulih,80661
Bali,Bangli,Susut,Abuan,80661
Bali,Bangli,Kintamani,Suter,80652
Bali,Bangli,Kintamani,Lembean,80652
Bali,Bangli,Kintamani,Mangguh,80652
Bali,Bangli,Kintamani,Kutuh,80652
Bali,Bangli,Kintamani,Batur Selatan,80652
Bali,Bangli,Kintamani,Batur Tengah,80652
Bali,Bangli,Kintamani,Batur Utara,80652
Bali,Gianyar,Sukawati,Singapadu Tengah,80582
Bali,Gianyar,Sukawati,Sukawati,80582
Bali,Gianyar,Sukawati,Ketewel,80582
Bali,Gianyar,Payangan,Melinggih Kelod,80572
Bali,Gianyar,Payangan,Puhu,80572
Bali,Gianyar,Payangan,Kelusa,80572
Bali,Gianyar,Tegallalang,Pupuan,80561
Bali,Gianyar,Tegallalang,Sebatu,80561
Bali,Gianyar,Tegallalang,Kedisan,80561
Bali,Gianyar,Gianyar,Serongga,80515
Bali,Gianyar,Gianyar,Lebih,80515
Bali,Gianyar,Gianyar,Petak,80515
Bali,Badung,Kuta Utara,Kerobokan,80361
Bali,Badung,Kuta Utara,Kerobokan Kaja,80361
Bali,Badung,Kuta Selatan,Jimbaran,80361
Bali,Badung,Abiansemal,Mambal,80352
Bali,Badung,Abiansemal,Mekar Bhuwana,80352
Bali,Badung,Abiansemal,Dauh Yeh Cani,80352
Bali,Badung,Mengwi,Munggu,80351
Bali,Badung,Mengwi,Lukluk,80351
Bali,Badung,Mengwi,Mengwi,80351
Bali,Denpasar,Denpasar Barat,Padangsambian,80117
Bali,Denpasar,Denpasar Utara,Ubung Kaja,80116
Bali,Denpasar,Denpasar Utara,Peguyangan Kangin,80115
Bali,Denpasar,Denpasar Utara,Ubung,80116
Bali,Denpasar,Denpasar Utara,Peguyangan,80115
Bali,Denpasar,Denpasar Utara,Peguyangan Kaja,80115
Bali,Denpasar,Denpasar Barat,Dauh Puri Kauh,80113
Bali,Denpasar,Denpasar Barat,Dauh Puri Klod/Kelod,80114
Bali,Denpasar,Denpasar Barat,Dauh Puri,80113
Bali,Denpasar,Denpasar Barat,Dauh Puri Kangin,80112
Bali,Denpasar,Denpasar Utara,Dauh Puri Kaja,80111
Bali,Jembrana,Pekutatan,Medewi,82262
Bali,Jembrana,Pekutatan,Pangyangan,82262
Bali,Jembrana,Pekutatan,Gumbrih,82262
Bali,Jembrana,Pekutatan,Manggissari,82262
Bali,Jembrana,Pekutatan,Asahduren,82262
Bali,Jembrana,Mendoyo,Yeh Embang Kauh,82261
Bali,Jembrana,Mendoyo,Yeh Sumbul,82261
Bali,Jembrana,Mendoyo,Yeh Embang Kangin,82261
Bali,Jembrana,Mendoyo,Yeh Embang,82261
Bali,Jembrana,Mendoyo,Tegal Cangkring,82261
Bali,Jembrana,Mendoyo,Pohsanten,82261
Bali,Jembrana,Mendoyo,Pergung,82261
Bali,Jembrana,Mendoyo,Penyaringan,82261
Bali,Jembrana,Mendoyo,Mendoyo Dangin Tukad,82261
Bali,Jembrana,Mendoyo,Mendoyo Dauh Tukad,82261
Bali,Jembrana,Mendoyo,Delod Berawah,82261
Bali,Jembrana,Melaya,Warnasari,82252
Bali,Jembrana,Pekutatan,Medewi,82262
Bali,Jembrana,Pekutatan,Pangyangan,82262
Bali,Jembrana,Pekutatan,Gumbrih,82262
Bali,Jembrana,Pekutatan,Manggissari,82262
Bali,Jembrana,Pekutatan,Asahduren,82262
Bali,Jembrana,Mendoyo,Yeh Embang Kauh,82261
Bali,Jembrana,Mendoyo,Yeh Sumbul,82261
Bali,Jembrana,Mendoyo,Yeh Embang Kangin,82261
Bali,Jembrana,Mendoyo,Yeh Embang,82261
Bali,Jembrana,Mendoyo,Tegal Cangkring,82261
Bali,Jembrana,Mendoyo,Pohsanten,82261
Bali,Jembrana,Mendoyo,Pergung,82261
Bali,Jembrana,Mendoyo,Penyaringan,82261
Bali,Jembrana,Mendoyo,Mendoyo Dangin Tukad,82261
Bali,Jembrana,Mendoyo,Mendoyo Dauh Tukad,82261
Bali,Jembrana,Mendoyo,Delod Berawah,82261
Bali,Jembrana,Melaya,Warnasari,82252
Bali,Jembrana,Melaya,Melaya,82252
Bali,Jembrana,Melaya,Manistutu,82252
Bali,Jembrana,Melaya,Gilimanuk,82252
Bali,Jembrana,Melaya,Ekasari,82252
Bali,Jembrana,Melaya,Blimbingsari (Belimbingsari),82252
Bali,Jembrana,Melaya,Candikusuma,82252
Bali,Jembrana,Negara,Tegal Badeng Timur,82218
Bali,Jembrana,Jembrana,Yeh Kuning,82218
Bali,Jembrana,Negara,Tegal Badeng Barat,82218
Bali,Jembrana,Jembrana,Perancak,82218
Bali,Jembrana,Jembrana,Sangkaragung,82218
Bali,Jembrana,Negara,Pengambengan,82218
Bali,Jembrana,Jembrana,Dauhwaru,82218
Bali,Jembrana,Negara,Kaliakah,82218
Bali,Jembrana,Jembrana,Dangin Tukadaya,82218
Bali,Jembrana,Negara,Cupel,82218
Bali,Jembrana,Jembrana,Budeng,82218
Bali,Jembrana,Negara,Baluk,82218
Bali,Jembrana,Jembrana,Air Kuning,82218
Bali,Jembrana,Negara,Loloan Barat,82215
Bali,Jembrana,Jembrana,Loloan Timur,82216
Bali,Jembrana,Negara,Lelateng,82214
Bali,Jembrana,Negara,Banjar Tengah,82213
Bali,Jembrana,Jembrana,Pendem,82211
Bali,Jembrana,Negara,Baler Bale Agung,82212
Bali,Tabanan,Baturiti,Perean Tengah,82191
Bali,Tabanan,Baturiti,Perean,82191
Bali,Tabanan,Baturiti,Perean Kangin,82191
Bali,Tabanan,Baturiti,Mekarsari,82191
Bali,Tabanan,Baturiti,Luwus,82191
Bali,Tabanan,Baturiti,Baturiti,82191
Bali,Tabanan,Baturiti,Candikuning,82191
Bali,Tabanan,Baturiti,Bangli,82191
Bali,Tabanan,Baturiti,Batunya,82191
Bali,Tabanan,Marga,Tegaljadi,82181
Bali,Tabanan,Marga,Tua,82181
Bali,Tabanan,Marga,Peken Belayu,82181
Bali,Tabanan,Marga,Petiga,82181
Bali,Tabanan,Marga,Selanbawak,82181
Bali,Tabanan,Marga,Marga Dauh Puri,82181
Bali,Tabanan,Marga,Payangan,82181
Bali,Tabanan,Marga,Marga Dajan Puri,82181
Bali,Tabanan,Marga,Marga,82181
Bali,Tabanan,Marga,Kukuh,82181
Bali,Tabanan,Marga,Kuwum,82181
Bali,Tabanan,Marga,Beringkit,82181
Bali,Tabanan,Marga,Caubelayu,82181
Bali,Tabanan,Marga,Geluntung,82181
Bali,Tabanan,Marga,Batannyuh,82181
Bali,Tabanan,Pupuan,Pujungan,82163
Bali,Tabanan,Pupuan,Pupuan,82163
Bali,Tabanan,Pupuan,Kebon Padangan,82163
Bali,Tabanan,Pupuan,Munduk Temu,82163
Bali,Tabanan,Pupuan,Karya Sari,82163
Bali,Tabanan,Pupuan,Belimbing,82163
Bali,Tabanan,Pupuan,Jelijih Punggang,82163
Bali,Tabanan,Pupuan,Belatungan,82163
Bali,Tabanan,Pupuan,Batungsel,82163
Bali,Tabanan,Selemadeg,Wanagiri Kauh,82162
Bali,Tabanan,Pupuan,Bantiran,82163
Bali,Tabanan,Selemadeg,Wanagiri,82162
Bali,Tabanan,Selemadeg / Salemadeg Barat,Tiying Gading,82162
Bali,Tabanan,Selemadeg / Salamadeg Timur,Tangguntiti,82162
Bali,Tabanan,Selemadeg / Salamadeg Timur,Tegal Mengkeb,82162
Bali,Tabanan,Selemadeg,Selemadeg,82162
Bali,Tabanan,Selemadeg,Serampingan,82162
Bali,Tabanan,Selemadeg / Salemadeg Barat,Selabih,82162
Bali,Tabanan,Selemadeg,Pupuan Sawah,82162
Bali,Tabanan,Selemadeg / Salamadeg Timur,Megati,82162
Bali,Tabanan,Selemadeg,Manikyang,82162
Bali,Tabanan,Selemadeg / Salemadeg Barat,Lumbung Kauh,82162
Bali,Tabanan,Selemadeg / Salamadeg Timur,Mambang,82162
Bali,Tabanan,Selemadeg / Salemadeg Barat,Lumbung,82162
Bali,Tabanan,Selemadeg / Salemadeg Barat,Lalang Linggah,82162
Bali,Tabanan,Selemadeg / Salamadeg Timur,Gunung Salak,82162
Bali,Tabanan,Selemadeg / Salamadeg Timur,Gadung Sari,82162
Bali,Tabanan,Selemadeg / Salamadeg Timur,Gadungan,82162
Bali,Tabanan,Selemadeg,Berembeng,82162
Bali,Tabanan,Selemadeg / Salamadeg Timur,Beraban,82162
Bali,Tabanan,Selemadeg / Salamadeg Timur,Dalang,82162
Bali,Tabanan,Selemadeg / Salemadeg Barat,Bengkel Sari,82162
Bali,Tabanan,Selemadeg,Bajera Utara,82162
Bali,Tabanan,Selemadeg / Salamadeg Timur,Bantas,82162
Bali,Tabanan,Selemadeg,Bajera,82162
Bali,Tabanan,Selemadeg / Salemadeg Barat,Antosari,82162
Bali,Tabanan,Kerambitan,Timpag,82161
Bali,Tabanan,Kerambitan,Tista,82161
Bali,Tabanan,Kerambitan,Sembung Gede,82161
Bali,Tabanan,Kerambitan,Penarukan,82161
Bali,Tabanan,Kerambitan,Samsam,82161
Bali,Tabanan,Kerambitan,Meliling,82161
Bali,Tabanan,Kerambitan,Pangkung Karung,82161
Bali,Tabanan,Kerambitan,Kerambitan,82161
Bali,Tabanan,Kerambitan,Kesiut,82161
Bali,Tabanan,Kerambitan,Kukuh,82161
Bali,Tabanan,Kerambitan,Belumbang,82161
Bali,Tabanan,Kerambitan,Kelating,82161
Bali,Tabanan,Kerambitan,Batuaji,82161
Bali,Tabanan,Kerambitan,Baturiti,82161
Bali,Tabanan,Penebel,Tegalinggah,82152
Bali,Tabanan,Penebel,Tengkudak,82152
Bali,Tabanan,Penebel,Wongaya Gede,82152
Bali,Tabanan,Penebel,Rejasa,82152
Bali,Tabanan,Penebel,Riang Gede,82152
Bali,Tabanan,Penebel,Pesagi,82152
Bali,Tabanan,Penebel,Pitra,82152
Bali,Tabanan,Penebel,Penatahan,82152
Bali,Tabanan,Penebel,Penebel,82152
Bali,Tabanan,Penebel,Jegu,82152
Bali,Tabanan,Penebel,Mengeste,82152
Bali,Tabanan,Penebel,Jatiluwih,82152
Bali,Tabanan,Penebel,Buruan,82152
Bali,Tabanan,Penebel,Babahan,82152
Bali,Tabanan,Penebel,Biaung,82152
Bali,Tabanan,Kediri,Banjar Anyar,82123
Bali,Tabanan,Kediri,Pangkung Tibah,82121
Bali,Tabanan,Kediri,Pejaten,82121
Bali,Tabanan,Kediri,Pandak Bandung,82121
Bali,Tabanan,Kediri,Pandak Gede,82121
Bali,Tabanan,Kediri,Kediri,82121
Bali,Tabanan,Kediri,Buwit,82121
Bali,Tabanan,Kediri,Cepaka,82121
Bali,Tabanan,Kediri,Bengkel,82121
Bali,Tabanan,Kediri,Beraban,82121
Bali,Tabanan,Kediri,Abian Tuwung,82121
Bali,Tabanan,Kediri,Belalang,82121
Bali,Tabanan,Tabanan,Sudimara,82115
Bali,Tabanan,Tabanan,Tunjuk,82115
Bali,Tabanan,Tabanan,Subamia,82115
Bali,Tabanan,Tabanan,Sesandan,82115
Bali,Tabanan,Tabanan,Gubug,82115
Bali,Tabanan,Tabanan,Dejan Peken (Dajan Peken),82114
Bali,Tabanan,Tabanan,Buahan,82115
Bali,Tabanan,Tabanan,Denbantas,82115
Bali,Tabanan,Tabanan,Bongan (Boongan),82112
Bali,Tabanan,Tabanan,Delod Peken,82113
Bali,Buleleng,Tejakula,Tejakula,81173
Bali,Buleleng,Tejakula,Sambirenteng,81173
Bali,Buleleng,Tejakula,Sembiran,81173
Bali,Buleleng,Tejakula,Pacung,81173
Bali,Buleleng,Tejakula,Penuktukan,81173
Bali,Buleleng,Tejakula,Les,81173
Bali,Buleleng,Tejakula,Madenan,81173
Bali,Buleleng,Tejakula,Bondalem,81173
Bali,Buleleng,Tejakula,Julah,81173
Bali,Buleleng,Kubutambahan,Tunjung,81172
Bali,Buleleng,Kubutambahan,Tajun,81172
Bali,Buleleng,Kubutambahan,Tambakan,81172
Bali,Buleleng,Kubutambahan,Tamblang,81172
Bali,Buleleng,Kubutambahan,Mengening,81172
Bali,Buleleng,Kubutambahan,Pakisan,81172
Bali,Buleleng,Kubutambahan,Kubutambahan,81172
Bali,Buleleng,Kubutambahan,Depeha,81172
Bali,Buleleng,Kubutambahan,Bontihing,81172
Bali,Buleleng,Kubutambahan,Bengkala,81172
Bali,Buleleng,Sawan,Sudaji,81171
Bali,Buleleng,Sawan,Suwug,81171
Bali,Buleleng,Sawan,Sekumpul,81171
Bali,Buleleng,Sawan,Sinabun,81171
Bali,Buleleng,Sawan,Sawan,81171
Bali,Buleleng,Sawan,Sangsit,81171
Bali,Buleleng,Sawan,Menyali,81171
Bali,Buleleng,Sawan,Kerobokan,81171
Bali,Buleleng,Sawan,Lemukih,81171
Bali,Buleleng,Sawan,Galungan,81171
Bali,Buleleng,Sawan,Giri Emas,81171
Bali,Buleleng,Sawan,Jagaraga,81171
Bali,Buleleng,Sawan,Bebetin,81171
Bali,Buleleng,Sawan,Bungkulan,81171
Bali,Buleleng,Sukasada,Tegal Linggah (Tegalinggah),81161
Bali,Buleleng,Sukasada,Sambangan,81161
Bali,Buleleng,Sukasada,Selat,81161
Bali,Buleleng,Sukasada,Panji Anom,81161
Bali,Buleleng,Sukasada,Pegadungan,81161
Bali,Buleleng,Sukasada,Pegayaman,81161
Bali,Buleleng,Sukasada,Padangbulia,81161
Bali,Buleleng,Sukasada,Pancasari,81161
Bali,Buleleng,Sukasada,Panji,81161
Bali,Buleleng,Sukasada,Gitgit,81161
Bali,Buleleng,Sukasada,Kayuputih,81161
Bali,Buleleng,Gerokgak,Tukad Sumaga,81155
Bali,Buleleng,Sukasada,Ambengan,81161
Bali,Buleleng,Gerokgak,Sumberkima,81155
Bali,Buleleng,Gerokgak,Tinga Tinga,81155
Bali,Buleleng,Gerokgak,Sumber Klampok,81155
Bali,Buleleng,Gerokgak,Sanggalangit,81155
Bali,Buleleng,Gerokgak,Pemuteran,81155
Bali,Buleleng,Gerokgak,Pejarakan,81155
Bali,Buleleng,Gerokgak,Celukan Bawang,81155
Bali,Buleleng,Gerokgak,Gerokgak,81155
Bali,Buleleng,Gerokgak,Musi,81155
Bali,Buleleng,Gerokgak,Banyupoh,81155
Bali,Buleleng,Busungbiu,Titab,81154
Bali,Buleleng,Busungbiu,Umejero,81154
Bali,Buleleng,Busungbiu,Telaga,81154
Bali,Buleleng,Busungbiu,Tinggarsari,81154
Bali,Buleleng,Busungbiu,Tista,81154
Bali,Buleleng,Busungbiu,Subuk,81154
Bali,Buleleng,Busungbiu,Sepang Kelod,81154
Bali,Buleleng,Busungbiu,Pucaksari,81154
Bali,Buleleng,Busungbiu,Sepang,81154
Bali,Buleleng,Busungbiu,Kedia (Kedis),81154
Bali,Buleleng,Busungbiu,Kekeran,81154
Bali,Buleleng,Busungbiu,Pelapuan,81154
Bali,Buleleng,Seririt,Unggahan,81153
Bali,Buleleng,Seririt,Ularan,81153
Bali,Buleleng,Seririt,Umeanyar,81153
Bali,Buleleng,Seririt,Seririt,81153
Bali,Buleleng,Seririt,Sulanyah,81153
Bali,Buleleng,Seririt,Tangguwisia,81153
Bali,Buleleng,Seririt,Rangdu,81153
Bali,Buleleng,Seririt,Ringdikit,81153
Bali,Buleleng,Seririt,Pangkungparuk,81153
Bali,Buleleng,Seririt,Patemoh (Patemon),81153
Bali,Buleleng,Seririt,Pengastulan,81153
Bali,Buleleng,Seririt,Mayong,81153
Bali,Buleleng,Seririt,Munduk Bestala,81153
Bali,Buleleng,Seririt,Kalisada,81153
Bali,Buleleng,Seririt,Lokapaksa,81153
Bali,Buleleng,Seririt,Kalianget,81153
Bali,Buleleng,Seririt,Gunungsari,81153
Bali,Buleleng,Seririt,Bestala,81153
Bali,Buleleng,Banjar,Tirtasari,81152
Bali,Buleleng,Banjar,Tigawasa,81152
Bali,Buleleng,Banjar,Temukus,81152
Bali,Buleleng,Banjar,Pedawa,81152
Bali,Buleleng,Banjar,Sidetapa,81152
Bali,Buleleng,Banjar,Tampekan,81152
Bali,Buleleng,Banjar,Kayuputih,81152
Bali,Buleleng,Banjar,Munduk,81152
Bali,Buleleng,Banjar,Gobleg,81152
Bali,Buleleng,Banjar,Kaliasem,81152
Bali,Buleleng,Banjar,Cempaga,81152
Bali,Buleleng,Banjar,Dencarik,81152
Bali,Buleleng,Banjar,Gesing,81152
Bali,Buleleng,Banjar,Banyuatis,81152
Bali,Buleleng,Banjar,Banyusri,81152
Bali,Buleleng,Banjar,Banjar,81152
Bali,Buleleng,Buleleng,Poh Bergong,81119
Bali,Buleleng,Buleleng,Sari Mekar,81119
Bali,Buleleng,Buleleng,Penarukan,81119
Bali,Buleleng,Buleleng,Penglatan,81119
Bali,Buleleng,Buleleng,Liligundi,81119
Bali,Buleleng,Buleleng,Nagasepaha,81119
Bali,Buleleng,Buleleng,Pemaron,81119
Bali,Buleleng,Buleleng,Kalibukbuk,81119
Bali,Buleleng,Buleleng,Jinengdalem,81119
Bali,Buleleng,Buleleng,Beratan,81119
Bali,Buleleng,Buleleng,Bhakti Seraga (Baktiseraga),81119
Bali,Buleleng,Buleleng,Alasangker,81119
Bali,Buleleng,Buleleng,Anturan,81119
Bali,Buleleng,Buleleng,Banyuning,81119
Bali,Buleleng,Buleleng,Banjar Tegal,81117
Bali,Buleleng,Buleleng,Paket Agung,81118
Bali,Buleleng,Buleleng,Banyuasri,81116
Bali,Buleleng,Buleleng,Kampung Baru,81114
Bali,Buleleng,Buleleng,Kampung Kajanan,81114
Bali,Buleleng,Buleleng,Banjar Bali,81113
Bali,Buleleng,Buleleng,Banjar Jawa,81113
Bali,Buleleng,Buleleng,Astina,81112
Bali,Buleleng,Buleleng,Kendran,81112
Bali,Buleleng,Buleleng,Kampung Singaraja,81111
Bali,Karangasem,Manggis,Sengkidu,80871
Bali,Karangasem,Manggis,Tenganan,80871
Bali,Karangasem,Manggis,Ulakan,80871
Bali,Karangasem,Manggis,Padangbai,80871
Bali,Karangasem,Manggis,Pesedahan,80871
Bali,Karangasem,Manggis,Selumbung,80871
Bali,Karangasem,Manggis,Manggis,80871
Bali,Karangasem,Manggis,Ngis,80871
Bali,Karangasem,Manggis,Nyuh Tebel,80871
Bali,Karangasem,Manggis,Antiga Kelod,80871
Bali,Karangasem,Sidemen,Telaga Tawang,80864
Bali,Karangasem,Sidemen,Tri Eka Buana,80864
Bali,Karangasem,Sidemen,Sindu Wati,80864
Bali,Karangasem,Sidemen,Talibeng,80864
Bali,Karangasem,Sidemen,Tangkup,80864
Bali,Karangasem,Sidemen,Sangkan Gunung,80864
Bali,Karangasem,Sidemen,Sidemen,80864
Bali,Karangasem,Sidemen,Lokasari,80864
Bali,Karangasem,Rendang,Rendang,80863
Bali,Karangasem,Sidemen,Kertha Buana,80864
Bali,Karangasem,Rendang,Pempatan,80863
Bali,Karangasem,Rendang,Pesaban,80863
Bali,Karangasem,Rendang,Menanga,80863
Bali,Karangasem,Rendang,Nongan,80863
Bali,Karangasem,Selat,Selat,80862
Bali,Karangasem,Rendang,Besakih,80863
Bali,Karangasem,Selat,Pering Sari,80862
Bali,Karangasem,Selat,Duda Timur,80862
Bali,Karangasem,Selat,Amerta Bhuana,80862
Bali,Karangasem,Selat,Duda,80862
Bali,Karangasem,Bebandem,Macang,80861
Bali,Karangasem,Bebandem,Sibetan,80861
Bali,Karangasem,Bebandem,Bungaya Kangin,80861
Bali,Karangasem,Bebandem,Jungutan,80861
Bali,Karangasem,Bebandem,Budakeling (Bude Keling),80861
Bali,Karangasem,Bebandem,Bungaya (Bungaya Kauh),80861
Bali,Karangasem,Bebandem,Bebandem,80861
Bali,Karangasem,Bebandem,Buana Giri,80861
Bali,Karangasem,Kubu,Tianyar Timur,80853
Bali,Karangasem,Kubu,Tulamben,80853
Bali,Karangasem,Kubu,Sukadana,80853
Bali,Karangasem,Kubu,Tianyar Barat,80853
Bali,Karangasem,Kubu,Tianyar Tengah,80853
Bali,Karangasem,Kubu,Dukuh,80853
Bali,Karangasem,Abang,Tiyingtali,80852
Bali,Karangasem,Abang,Tri Buana,80852
Bali,Karangasem,Abang,Tista,80852
Bali,Karangasem,Abang,Nawakerti,80852
Bali,Karangasem,Abang,Pidpid,80852
Bali,Karangasem,Abang,Purwakerti,80852
Bali,Karangasem,Abang,Kesimpar,80852
Bali,Karangasem,Abang,Laba Sari,80852
Bali,Karangasem,Abang,Datah,80852
Bali,Karangasem,Abang,Kerta Mandala,80852
Bali,Karangasem,Abang,Culik,80852
Bali,Karangasem,Abang,Ababi,80852
Bali,Karangasem,Abang,Abang,80852
Bali,Karangasem,Abang,Bunutan,80852
Bali,Karangasem,Karang Asem,Subagan,80813
Bali,Karangasem,Karang Asem,Tegallinggah,80811
Bali,Karangasem,Karang Asem,Tumbu,80811
Bali,Karangasem,Karang Asem,Seraya Barat,80811
Bali,Karangasem,Karang Asem,Karangasem,80811
Bali,Karangasem,Karang Asem,Padang Kerta,80811
Bali,Karangasem,Karang Asem,Bugbug,80811
Bali,Karangasem,Karang Asem,Bukit,80811
Bali,Klungkung,Nusapenida,Suana,80771
Bali,Klungkung,Nusapenida,Tanglad,80771
Bali,Klungkung,Nusapenida,Sekartaji,80771
Bali,Klungkung,Nusapenida,Sakti,80771
Bali,Klungkung,Nusapenida,Ped,80771
Bali,Klungkung,Nusapenida,Pejukutan,80771
Bali,Klungkung,Nusapenida,Lembongan,80771
Bali,Klungkung,Nusapenida,Kutampi Kaler,80771
Bali,Klungkung,Nusapenida,Klumpu,80771
Bali,Klungkung,Nusapenida,Kutampi,80771
Bali,Klungkung,Nusapenida,Kampung Toyapakeh,80771
Bali,Klungkung,Nusapenida,Jungutbatu,80771
Bali,Klungkung,Nusapenida,Batukandik,80771
Bali,Klungkung,Dawan,Sampalan Tengah,80761
Bali,Klungkung,Dawan,Sulang,80761
Bali,Klungkung,Dawan,Sampalan Klod,80761
Bali,Klungkung,Dawan,Pikat,80761
Bali,Klungkung,Dawan,Pesinggahan,80761
Bali,Klungkung,Dawan,Kusamba,80761
Bali,Klungkung,Dawan,Paksebali,80761
Bali,Klungkung,Dawan,Kampung Kusamba,80761
Bali,Klungkung,Dawan,Gunaksa,80761
Bali,Klungkung,Dawan,Dawan Klod,80761
Bali,Klungkung,Dawan,Besan,80761
Bali,Klungkung,Dawan,Dawan Kaler,80761
Bali,Klungkung,Banjarangkan,Tohpati,80752
Bali,Klungkung,Banjarangkan,Tusan,80752
Bali,Klungkung,Banjarangkan,Timuhun,80752
Bali,Klungkung,Banjarangkan,Takmung,80752
Bali,Klungkung,Banjarangkan,Negari,80752
Bali,Klungkung,Banjarangkan,Getakan,80752
Bali,Klungkung,Banjarangkan,Bungbungan,80752
Bali,Klungkung,Banjarangkan,Bakas,80752
Bali,Klungkung,Banjarangkan,Banjarangkan,80752
Bali,Klungkung,Banjarangkan,Aan,80752
Bali,Klungkung,Klungkung,Tegak,80716
Bali,Klungkung,Klungkung,Tojan,80716
Bali,Klungkung,Klungkung,Semarapura Klod/Kelod,80716
Bali,Klungkung,Klungkung,Tangkas,80716
Bali,Klungkung,Klungkung,Semarapura Kangin,80716
Bali,Klungkung,Klungkung,Semarapura Klod Kangin,80716
Bali,Klungkung,Klungkung,Selat,80716
Bali,Klungkung,Klungkung,Selisihan,80716
Bali,Klungkung,Klungkung,Satra,80716
Bali,Klungkung,Klungkung,Kampung Gelgel,80716
Bali,Klungkung,Klungkung,Manduang,80716
Bali,Klungkung,Klungkung,Gelgel,80716
Bali,Klungkung,Klungkung,Semarapura Kaja,80712
Bali,Klungkung,Klungkung,Semarapura Kauh,80713
Bali,Klungkung,Klungkung,Semarapura Tengah,80711
Bali,Bangli,Tembuku,Undisan,80671
Bali,Bangli,Tembuku,Yangapi,80671
Bali,Bangli,Tembuku,Peninjoan,80671
Bali,Bangli,Tembuku,Tembuku,80671
Bali,Bangli,Tembuku,Bangbang,80671
Bali,Bangli,Tembuku,Jehem,80671
Bali,Bangli,Susut,Sulahan,80661
Bali,Bangli,Susut,Susut,80661
Bali,Bangli,Susut,Tiga,80661
Bali,Bangli,Susut,Penglumbaran,80661
Bali,Bangli,Susut,Selat,80661
Bali,Bangli,Susut,Pengiangan,80661
Bali,Bangli,Susut,Apuan,80661
Bali,Bangli,Kintamani,Terunyan,80652
Bali,Bangli,Kintamani,Ulian,80652
Bali,Bangli,Kintamani,Songan B,80652
Bali,Bangli,Kintamani,Subaya,80652
Bali,Bangli,Kintamani,Sukawana,80652
Bali,Bangli,Kintamani,Serahi,80652
Bali,Bangli,Kintamani,Siyakin,80652
Bali,Bangli,Kintamani,Songan A,80652
Bali,Bangli,Kintamani,Sekardadi,80652
Bali,Bangli,Kintamani,Selulung,80652
Bali,Bangli,Kintamani,Sekaan,80652
Bali,Bangli,Kintamani,Pinggan,80652
Bali,Bangli,Kintamani,Satra,80652
Bali,Bangli,Kintamani,Manikliyu,80652
Bali,Bangli,Kintamani,Mengani,80652
Bali,Bangli,Kintamani,Pengejaran,80652
Bali,Bangli,Kintamani,Langgahan,80652
Bali,Bangli,Kintamani,Kintamani,80652
Bali,Bangli,Kintamani,Kedisan,80652
Bali,Bangli,Kintamani,Gunungbau,80652
Bali,Bangli,Kintamani,Katung,80652
Bali,Bangli,Kintamani,Daup,80652
Bali,Bangli,Kintamani,Dausa,80652
Bali,Bangli,Kintamani,Bunutin,80652
Bali,Bangli,Kintamani,Catur,80652
Bali,Bangli,Kintamani,Binyan,80652
Bali,Bangli,Kintamani,Bonyoh,80652
Bali,Bangli,Kintamani,Buahan,80652
Bali,Bangli,Kintamani,Belanga,80652
Bali,Bangli,Kintamani,Belantih,80652
Bali,Bangli,Kintamani,Belancan,80652
Bali,Bangli,Kintamani,Belandingan,80652
Bali,Bangli,Kintamani,Bayunggede,80652
Bali,Bangli,Kintamani,Bayungcerik,80652
Bali,Bangli,Kintamani,Batu Dinding,80652
Bali,Bangli,Kintamani,Batukaang,80652
Bali,Bangli,Kintamani,Banua,80652
Bali,Bangli,Kintamani,Bantang,80652
Bali,Bangli,Kintamani,Abuan,80652
Bali,Bangli,Kintamani,Awan,80652
Bali,Bangli,Kintamani,Abang Songan,80652
Bali,Bangli,Bangli,Pengotan,80614
Bali,Bangli,Bangli,Taman Bali,80614
Bali,Bangli,Bangli,Bebalang,80614
Bali,Bangli,Bangli,Bunutin,80614
Bali,Bangli,Bangli,Kayubihi,80614
Bali,Bangli,Bangli,Kawan,80613
Bali,Bangli,Bangli,Landih,80611
Bali,Bangli,Bangli,Cempaga,80612
Bali,Bangli,Bangli,Kubu,80611
Bali,Gianyar,Sukawati,Singapadu Kaler,80582
Bali,Gianyar,Sukawati,Singapadu,80582
Bali,Gianyar,Sukawati,Guwang,80582
Bali,Gianyar,Sukawati,Kemenuh,80582
Bali,Gianyar,Sukawati,Celuk,80582
Bali,Gianyar,Sukawati,Batubulan,80582
Bali,Gianyar,Sukawati,Batubulan Kangin,80582
Bali,Gianyar,Sukawati,Batuan,80582
Bali,Gianyar,Sukawati,Batuan Kaler,80582
Bali,Gianyar,Belah Batuh (Blahbatuh),Pering,80581
Bali,Gianyar,Belah Batuh (Blahbatuh),Saba,80581
Bali,Gianyar,Belah Batuh (Blahbatuh),Keramas,80581
Bali,Gianyar,Belah Batuh (Blahbatuh),Medahan,80581
Bali,Gianyar,Belah Batuh (Blahbatuh),Bona,80581
Bali,Gianyar,Belah Batuh (Blahbatuh),Buruan,80581
Bali,Gianyar,Belah Batuh (Blahbatuh),Belega,80581
Bali,Gianyar,Belah Batuh (Blahbatuh),Blahbatuh,80581
Bali,Gianyar,Belah Batuh (Blahbatuh),Bedulu,80581
Bali,Gianyar,Payangan,Kerta,80572
Bali,Gianyar,Payangan,Melinggih,80572
Bali,Gianyar,Payangan,Buahan Kaja,80572
Bali,Gianyar,Payangan,Bukian,80572
Bali,Gianyar,Payangan,Bresela (Beresela),80572
Bali,Gianyar,Payangan,Buahan,80572
Bali,Gianyar,Ubud,Singakerta (Singekerta),80571
Bali,Gianyar,Ubud,Ubud,80571
Bali,Gianyar,Ubud,Petulu,80571
Bali,Gianyar,Ubud,Sayan,80571
Bali,Gianyar,Ubud,Mas,80571
Bali,Gianyar,Ubud,Peliatan,80571
Bali,Gianyar,Ubud,Kedewatan,80571
Bali,Gianyar,Ubud,Lodtunduh,80571
Bali,Gianyar,Tegallalang,Taro,80561
Bali,Gianyar,Tegallalang,Tegallalang,80561
Bali,Gianyar,Tegallalang,Kenderan,80561
Bali,Gianyar,Tegallalang,Keliki,80561
Bali,Gianyar,Tampak Siring,Sanding,80552
Bali,Gianyar,Tampak Siring,Tampaksiring,80552
Bali,Gianyar,Tampak Siring,Pejeng Kangin,80552
Bali,Gianyar,Tampak Siring,Pejeng Kawan,80552
Bali,Gianyar,Tampak Siring,Pejeng Klod (Kelod),80552
Bali,Gianyar,Tampak Siring,Pejeng Kaja,80552
Bali,Gianyar,Tampak Siring,Pejeng,80552
Bali,Gianyar,Tampak Siring,Manukaya,80552
Bali,Gianyar,Gianyar,Tegal Tugu,80515
Bali,Gianyar,Gianyar,Temesi,80515
Bali,Gianyar,Gianyar,Tulikup,80515
Bali,Gianyar,Gianyar,Sumita,80515
Bali,Gianyar,Gianyar,Suwat,80515
Bali,Gianyar,Gianyar,Siangan,80515
Bali,Gianyar,Gianyar,Sidan,80515
Bali,Gianyar,Gianyar,Petak Kaja,80515
Bali,Gianyar,Gianyar,Bakbakan,80515
Bali,Gianyar,Gianyar,Bitera,80515
Bali,Gianyar,Gianyar,Abianbase,80515
Bali,Gianyar,Gianyar,Beng,80513
Bali,Gianyar,Gianyar,Gianyar,80511
Bali,Gianyar,Gianyar,Samplangan,80512
Bali,Badung,Kuta Selatan,Ungasan,80361
Bali,Badung,Kuta,Tuban,80361
Bali,Badung,Kuta Selatan,Tanjung Benoa,80361
Bali,Badung,Kuta Utara,Tibubeneng,80361
Bali,Badung,Kuta,Legian,80361
Bali,Badung,Kuta,Seminyak,80361
Bali,Badung,Kuta Selatan,Pecatu,80361
Bali,Badung,Kuta,Kuta,80361
Bali,Badung,Kuta Selatan,Kutuh,80361
Bali,Badung,Kuta Utara,Kerobokan Kelod,80361
Bali,Badung,Kuta Utara,Kerobokan,80361
Bali,Badung,Kuta Utara,Canggu,80361
Bali,Badung,Kuta Utara,Dalung,80361
Bali,Badung,Petang,Sulangai,80353
Bali,Badung,Kuta Selatan,Benoa,80361
Bali,Badung,Petang,Pelaga,80353
Bali,Badung,Petang,Petang,80353
Bali,Badung,Petang,Getasan,80353
Bali,Badung,Petang,Pangsan,80353
Bali,Badung,Petang,Carangsari,80353
Bali,Badung,Petang,Belok,80353
Bali,Badung,Abiansemal,Sibang Kaja,80352
Bali,Badung,Abiansemal,Taman,80352
Bali,Badung,Abiansemal,Selat,80352
Bali,Badung,Abiansemal,Sibang Gede,80352
Bali,Badung,Abiansemal,Punggul,80352
Bali,Badung,Abiansemal,Sangeh,80352
Bali,Badung,Abiansemal,Sedang,80352
Bali,Badung,Abiansemal,Jagapati,80352
Bali,Badung,Abiansemal,Bongkasa,80352
Bali,Badung,Abiansemal,Bongkasa Pertiwi,80352
Bali,Badung,Abiansemal,Darmasaba,80352
Bali,Badung,Abiansemal,Ayunan,80352
Bali,Badung,Abiansemal,Blahkiuh,80352
Bali,Badung,Abiansemal,Abiansemal,80352
Bali,Badung,Abiansemal,Angantaka,80352
Bali,Badung,Mengwi,Tumbak Bayuh,80351
Bali,Badung,Mengwi,Werdi Bhuwana,80351
Bali,Badung,Mengwi,Sobangan,80351
Bali,Badung,Mengwi,Sembung,80351
Bali,Badung,Mengwi,Sempidi,80351
Bali,Badung,Mengwi,Penarungan,80351
Bali,Badung,Mengwi,Pererenan,80351
Bali,Badung,Mengwi,Sading,80351
Bali,Badung,Mengwi,Mengwitani,80351
Bali,Badung,Mengwi,Kuwum,80351
Bali,Badung,Mengwi,Kapal,80351
Bali,Badung,Mengwi,Kekeran,80351
Bali,Badung,Mengwi,Gulingan,80351
Bali,Badung,Mengwi,Baha,80351
Bali,Badung,Mengwi,Buduk,80351
Bali,Badung,Mengwi,Cemagi,80351
Bali,Badung,Mengwi,Abianbase,80351
Bali,Denpasar,Denpasar Utara,Tonja,80239
Bali,Denpasar,Denpasar Timur,Sumerta Kelod/Klod,80239
Bali,Denpasar,Denpasar Timur,Penatih,80238
Bali,Denpasar,Denpasar Timur,Penatih Dangin Puri,80238
Bali,Denpasar,Denpasar Timur,Kesiman Kertalangu,80237
Bali,Denpasar,Denpasar Timur,Kesiman Petilan,80237
Bali,Denpasar,Denpasar Timur,Sumerta Kauh,80236
Bali,Denpasar,Denpasar Timur,Kesiman,80237
Bali,Denpasar,Denpasar Timur,Sumerta Kaja,80236
