Propinsi,Kota/Kab.,Kecamatan,Kelurahan,Kode Pos
DKI Jakarta,Jakarta Pusat,Tanah Abang,Bendungan Hilir,10210
DKI Jakarta,Jakarta Pusat,Gambir,Petojo Selatan,10160
DKI Jakarta,Jakarta Pusat,Gambir,Duri Pulo,10140
DKI Jakarta,Kepulauan Seribu,Kepulauan Seribu Utara,Pulau Harapan,14540
DKI Jakarta,Kepulauan Seribu,Kepulauan Seribu Utara,Pulau Kelapa,14540
DKI Jakarta,Kepulauan Seribu,Kepulauan Seribu Selatan,Pulau Tidung,14520
DKI Jakarta,Kepulauan Seribu,Kepulauan Seribu Utara,Pulau Harapan,14540
DKI Jakarta,Kepulauan Seribu,Kepulauan Seribu Utara,Pulau Kelapa,14540
DKI Jakarta,Kepulauan Seribu,Kepulauan Seribu Selatan,Pulau Tidung,14520
DKI Jakarta,Jakarta Utara,Tanjung Priok,Kebon Bawang,14320
DKI Jakarta,Jakarta Utara,Koja,Tugu Utara,14260
DKI Jakarta,Jakarta Utara,Koja,Lagoa,14270
DKI Jakarta,Jakarta Timur,Cakung,Penggilingan,13940
DKI Jakarta,Jakarta Timur,Cakung,Cakung Timur,13910
DKI Jakarta,Jakarta Timur,Cakung,Rawa Terate,13920
DKI Jakarta,Jakarta Timur,Ciracas,Cibubur,13720
DKI Jakarta,Jakarta Timur,Pasar Rebo,Pekayon,13710
DKI Jakarta,Jakarta Timur,Makasar,Kebon Pala,13650
DKI Jakarta,Jakarta Timur,Duren Sawit,Pondok Bambu,13430
DKI Jakarta,Jakarta Timur,Jatinegara,Cipinang Muara,13420
DKI Jakarta,Jakarta Timur,Jatinegara,Cipinang Besar Selatan,13410
DKI Jakarta,Jakarta Timur,Matraman,Pisangan Baru,13110
DKI Jakarta,Jakarta Timur,Matraman,Utan Kayu Selatan,13120
DKI Jakarta,Jakarta Selatan,Setia Budi,Pasar Manggis,12970
DKI Jakarta,Jakarta Selatan,Pancoran,Cikoko,12770
DKI Jakarta,Jakarta Selatan,Pancoran,Pengadegan,12770
DKI Jakarta,Jakarta Selatan,Pancoran,Duren Tiga,12760
DKI Jakarta,Jakarta Selatan,Pasar Minggu,Pejaten Barat,12510
DKI Jakarta,Jakarta Selatan,Cilandak,Pondok Labu,12450
DKI Jakarta,Jakarta Selatan,Cilandak,Cilandak Barat,12430
DKI Jakarta,Jakarta Selatan,Kebayoran Baru,Melawai,12160
DKI Jakarta,Jakarta Selatan,Kebayoran Baru,Pulo,12160
DKI Jakarta,Jakarta Selatan,Kebayoran Baru,Gandaria Utara,12140
DKI Jakarta,Jakarta Barat,Kembangan,Meruya Utara (Ilir),11620
DKI Jakarta,Jakarta Barat,Kembangan,Srengseng,11630
DKI Jakarta,Jakarta Barat,Kembangan,Kembangan Selatan,11610
DKI Jakarta,Jakarta Barat,Grogol Petamburan,Tomang,11440
DKI Jakarta,Jakarta Barat,Palmerah,Kota Bambu Utara,11420
DKI Jakarta,Jakarta Barat,Palmerah,Kota Bambu Selatan,11420
DKI Jakarta,Jakarta Barat,Taman Sari,Krukut,11140
DKI Jakarta,Jakarta Barat,Taman Sari,Glodok,11120
DKI Jakarta,Jakarta Barat,Taman Sari,Pinangsia,11110
DKI Jakarta,Jakarta Pusat,Gambir,Cideng,10150
DKI Jakarta,Jakarta Pusat,Gambir,Petojo Utara,10130
DKI Jakarta,Jakarta Pusat,Gambir,Gambir,10110
DKI Jakarta,Jakarta Pusat,Gambir,Kebon Kelapa,10120
DKI Jakarta,Kepulauan Seribu,Kepulauan Seribu Utara,Pulau Panggang,14530
DKI Jakarta,Kepulauan Seribu,Kepulauan Seribu Selatan,Pulau Untung Jawa,14510
DKI Jakarta,Kepulauan Seribu,Kepulauan Seribu Selatan,Pulau Pari,14520
DKI Jakarta,Jakarta Utara,Penjaringan,Kamal Muara,14470
DKI Jakarta,Jakarta Utara,Penjaringan,Pluit,14450
DKI Jakarta,Jakarta Utara,Penjaringan,Kapuk Muara,14460
DKI Jakarta,Jakarta Utara,Penjaringan,Pejagalan,14450
DKI Jakarta,Jakarta Utara,Pademangan,Ancol,14430
DKI Jakarta,Jakarta Utara,Penjaringan,Penjaringan,14440
DKI Jakarta,Jakarta Utara,Pademangan,Pademangan Timur,14410
DKI Jakarta,Jakarta Utara,Pademangan,Pademangan Barat,14420
DKI Jakarta,Jakarta Utara,Tanjung Priok,Sunter Jaya,14360
DKI Jakarta,Jakarta Utara,Tanjung Priok,Warakas,14370
DKI Jakarta,Jakarta Utara,Tanjung Priok,Papanggo,14340
DKI Jakarta,Jakarta Utara,Tanjung Priok,Sunter Agung,14350
DKI Jakarta,Jakarta Utara,Tanjung Priok,Sungai Bambu,14330
DKI Jakarta,Jakarta Utara,Tanjung Priok,Tanjung Priok,14310
DKI Jakarta,Kepulauan Seribu,Kepulauan Seribu Utara,Pulau Panggang,14530
DKI Jakarta,Kepulauan Seribu,Kepulauan Seribu Selatan,Pulau Untung Jawa,14510
DKI Jakarta,Kepulauan Seribu,Kepulauan Seribu Selatan,Pulau Pari,14520
DKI Jakarta,Jakarta Utara,Penjaringan,Kamal Muara,14470
DKI Jakarta,Jakarta Utara,Penjaringan,Kapuk Muara,14460
DKI Jakarta,Jakarta Utara,Penjaringan,Pluit,14450
DKI Jakarta,Jakarta Utara,Penjaringan,Pejagalan,14450
DKI Jakarta,Jakarta Utara,Pademangan,Ancol,14430
DKI Jakarta,Jakarta Utara,Penjaringan,Penjaringan,14440
DKI Jakarta,Jakarta Utara,Pademangan,Pademangan Timur,14410
DKI Jakarta,Jakarta Utara,Pademangan,Pademangan Barat,14420
DKI Jakarta,Jakarta Utara,Tanjung Priok,Sunter Jaya,14360
DKI Jakarta,Jakarta Utara,Tanjung Priok,Warakas,14370
DKI Jakarta,Jakarta Utara,Tanjung Priok,Papanggo,14340
DKI Jakarta,Jakarta Utara,Tanjung Priok,Sunter Agung,14350
DKI Jakarta,Jakarta Utara,Tanjung Priok,Sungai Bambu,14330
DKI Jakarta,Jakarta Utara,Tanjung Priok,Tanjung Priok,14310
DKI Jakarta,Jakarta Utara,Kelapa Gading,Kelapa Gading Timur,14240
DKI Jakarta,Jakarta Utara,Kelapa Gading,Pegangsaan Dua,14250
DKI Jakarta,Jakarta Utara,Koja,Tugu Selatan,14260
DKI Jakarta,Jakarta Utara,Kelapa Gading,Kelapa Gading Barat,14240
DKI Jakarta,Jakarta Utara,Koja,Rawa Badak Selatan,14230
DKI Jakarta,Jakarta Utara,Koja,Rawa Badak Utara,14230
DKI Jakarta,Jakarta Utara,Cilincing,Marunda,14150
DKI Jakarta,Jakarta Utara,Koja,Koja (Utara-Selatan),14210
DKI Jakarta,Jakarta Utara,Cilincing,Sukapura,14140
DKI Jakarta,Jakarta Utara,Cilincing,Semper Barat,14130
DKI Jakarta,Jakarta Utara,Cilincing,Semper Timur,14130
DKI Jakarta,Jakarta Utara,Cilincing,Rorotan,14140
DKI Jakarta,Jakarta Utara,Cilincing,Cilincing,14120
DKI Jakarta,Jakarta Timur,Cakung,Ujung Menteng,13960
DKI Jakarta,Jakarta Utara,Cilincing,Kali Baru,14110
DKI Jakarta,Jakarta Timur,Cakung,Pulo Gebang,13950
DKI Jakarta,Jakarta Timur,Cakung,Penggilingan,13940
DKI Jakarta,Jakarta Timur,Cakung,Cakung Barat,13910
DKI Jakarta,Jakarta Timur,Cipayung,Bambu Apus,13890
DKI Jakarta,Jakarta Timur,Cipayung,Cilangkap,13870
DKI Jakarta,Jakarta Timur,Cipayung,Setu,13880
DKI Jakarta,Jakarta Timur,Cipayung,Munjul,13850
DKI Jakarta,Jakarta Timur,Cipayung,Pondok Rangon,13860
DKI Jakarta,Jakarta Timur,Cipayung,Cipayung,13840
DKI Jakarta,Jakarta Timur,Ciracas,Rambutan,13830
DKI Jakarta,Jakarta Timur,Cipayung,Ceger,13820
DKI Jakarta,Jakarta Timur,Cipayung,Lubang Buaya,13810
DKI Jakarta,Jakarta Timur,Pasar Rebo,Kalisari,13790
DKI Jakarta,Jakarta Timur,Pasar Rebo,Baru,13780
DKI Jakarta,Jakarta Timur,Pasar Rebo,Cijantung,13770
DKI Jakarta,Jakarta Timur,Pasar Rebo,Gedong,13760
DKI Jakarta,Jakarta Timur,Ciracas,Susukan,13750
DKI Jakarta,Jakarta Timur,Ciracas,Ciracas,13740
DKI Jakarta,Jakarta Timur,Ciracas,Kelapa Dua Wetan,13730
DKI Jakarta,Jakarta Timur,Kramat Jati,Cililitan,13640
DKI Jakarta,Jakarta Timur,Kramat Jati,Cawang,13630
DKI Jakarta,Jakarta Timur,Makasar,Cipinang Melayu,13620
DKI Jakarta,Jakarta Timur,Makasar,Halim Perdana Kusumah,13610
DKI Jakarta,Jakarta Timur,Makasar,Makasar,13570
DKI Jakarta,Jakarta Timur,Makasar,Pinang Ranti,13560
DKI Jakarta,Jakarta Timur,Kramat Jati,Dukuh,13550
DKI Jakarta,Jakarta Timur,Kramat Jati,Kampung Tengah,13540
DKI Jakarta,Jakarta Timur,Kramat Jati,Balekambang,13530
DKI Jakarta,Jakarta Timur,Kramat Jati,Kramat Jati,13510
DKI Jakarta,Jakarta Timur,Kramat Jati,Batuampar,13520
DKI Jakarta,Jakarta Timur,Duren Sawit,Pondok Kopi,13460
DKI Jakarta,Jakarta Timur,Duren Sawit,Klender,13470
DKI Jakarta,Jakarta Timur,Duren Sawit,Pondok Kelapa,13450
DKI Jakarta,Jakarta Timur,Duren Sawit,Malaka Jaya,13460
DKI Jakarta,Jakarta Timur,Duren Sawit,Malaka Sari,13460
DKI Jakarta,Jakarta Timur,Duren Sawit,Duren Sawit,13440
DKI Jakarta,Jakarta Timur,Jatinegara,Cipinang Besar Utara,13410
DKI Jakarta,Jakarta Timur,Jatinegara,Rawa Bunga,13350
DKI Jakarta,Jakarta Timur,Jatinegara,Kampung Melayu,13320
DKI Jakarta,Jakarta Timur,Jatinegara,Bidaracina,13330
DKI Jakarta,Jakarta Timur,Jatinegara,Cipinang Cempedak,13340
DKI Jakarta,Jakarta Timur,Jatinegara,Bali Mester,13310
DKI Jakarta,Jakarta Timur,Pulo Gadung,Jatinegara Kaum,13250
DKI Jakarta,Jakarta Timur,Pulo Gadung,Pulo Gadung,13260
DKI Jakarta,Jakarta Timur,Pulo Gadung,Cipinang,13240
DKI Jakarta,Jakarta Timur,Pulo Gadung,Rawamangun,13220
DKI Jakarta,Jakarta Timur,Pulo Gadung,Pisangan Timur,13230
DKI Jakarta,Jakarta Timur,Pulo Gadung,Jati,13220
DKI Jakarta,Jakarta Timur,Pulo Gadung,Kayu Putih,13210
DKI Jakarta,Jakarta Timur,Matraman,Pal Meriam,13140
DKI Jakarta,Jakarta Timur,Matraman,Kebon Manggis,13150
DKI Jakarta,Jakarta Timur,Matraman,Utan Kayu Utara,13120
DKI Jakarta,Jakarta Timur,Matraman,Kayu Manis,13130
DKI Jakarta,Jakarta Selatan,Setia Budi,Guntur,12980
DKI Jakarta,Jakarta Selatan,Setia Budi,Kuningan Timur,12950
DKI Jakarta,Jakarta Selatan,Setia Budi,Menteng Atas,12960
DKI Jakarta,Jakarta Selatan,Setia Budi,Karet Kuningan,12940
DKI Jakarta,Jakarta Selatan,Setia Budi,Karet Semanggi,12930
DKI Jakarta,Jakarta Selatan,Setia Budi,Setiabudi,12910
DKI Jakarta,Jakarta Selatan,Setia Budi,Karet,12920
DKI Jakarta,Jakarta Selatan,Tebet,Menteng Dalam,12870
DKI Jakarta,Jakarta Selatan,Tebet,Manggarai,12850
DKI Jakarta,Jakarta Selatan,Tebet,Manggarai Selatan,12860
DKI Jakarta,Jakarta Selatan,Tebet,Kebon Baru,12830
DKI Jakarta,Jakarta Selatan,Tebet,Bukit Duri,12840
DKI Jakarta,Jakarta Selatan,Tebet,Tebet Barat,12810
DKI Jakarta,Jakarta Selatan,Tebet,Tebet Timur,12820
DKI Jakarta,Jakarta Selatan,Mampang Prapatan,Tegal Parang,12790
DKI Jakarta,Jakarta Selatan,Pancoran,Pancoran,12780
DKI Jakarta,Jakarta Selatan,Mampang Prapatan,Mampang Prapatan,12790
DKI Jakarta,Jakarta Selatan,Pancoran,Kalibata,12740
DKI Jakarta,Jakarta Selatan,Pancoran,Rawa Jati,12750
DKI Jakarta,Jakarta Selatan,Mampang Prapatan,Pela Mampang,12720
DKI Jakarta,Jakarta Selatan,Mampang Prapatan,Bangka,12730
DKI Jakarta,Jakarta Selatan,Mampang Prapatan,Kuningan Barat,12710
DKI Jakarta,Jakarta Selatan,Jagakarsa,Srengseng Sawah,12640
DKI Jakarta,Jakarta Selatan,Jagakarsa,Cipedak,12630
DKI Jakarta,Jakarta Selatan,Jagakarsa,Lenteng Agung,12630
DKI Jakarta,Jakarta Selatan,Jagakarsa,Ciganjur,12630
DKI Jakarta,Jakarta Selatan,Jagakarsa,Jagakarsa,12620
DKI Jakarta,Jakarta Selatan,Pasar Minggu,Cilandak Timur,12560
DKI Jakarta,Jakarta Selatan,Pasar Minggu,Ragunan,12550
DKI Jakarta,Jakarta Selatan,Pasar Minggu,Jati Padang,12540
DKI Jakarta,Jakarta Selatan,Jagakarsa,Tanjung Barat,12530
DKI Jakarta,Jakarta Selatan,Pasar Minggu,Pasar Minggu,12520
DKI Jakarta,Jakarta Selatan,Pasar Minggu,Pejaten Timur,12510
DKI Jakarta,Jakarta Selatan,Pasar Minggu,Kebagusan,12520
DKI Jakarta,Jakarta Selatan,Cilandak,Lebak Bulus,12440
DKI Jakarta,Jakarta Selatan,Cilandak,Cipete Selatan,12410
DKI Jakarta,Jakarta Selatan,Cilandak,Gandaria Selatan,12420
DKI Jakarta,Jakarta Selatan,Pesanggrahan,Bintaro,12330
DKI Jakarta,Jakarta Selatan,Pesanggrahan,Pesanggrahan,12320
DKI Jakarta,Jakarta Selatan,Kebayoran Lama,Pondok Pinang,12310
DKI Jakarta,Jakarta Selatan,Pesanggrahan,Petukangan Selatan,12270
DKI Jakarta,Jakarta Selatan,Pesanggrahan,Petukangan Utara,12260
DKI Jakarta,Jakarta Selatan,Pesanggrahan,Ulujami,12250
DKI Jakarta,Jakarta Selatan,Kebayoran Lama,Kebayoran Lama Selatan,12240
DKI Jakarta,Jakarta Selatan,Kebayoran Lama,Kebayoran Lama Utara,12240
DKI Jakarta,Jakarta Selatan,Kebayoran Lama,Grogol Selatan,12220
DKI Jakarta,Jakarta Selatan,Kebayoran Lama,Cipulir,12230
DKI Jakarta,Jakarta Selatan,Kebayoran Baru,Senayan,12190
DKI Jakarta,Jakarta Selatan,Kebayoran Lama,Grogol Utara,12210
DKI Jakarta,Jakarta Selatan,Kebayoran Baru,Petogogan,12170
DKI Jakarta,Jakarta Selatan,Kebayoran Baru,Rawa Barat,12180
DKI Jakarta,Jakarta Selatan,Kebayoran Baru,Cipete Utara,12150
DKI Jakarta,Jakarta Selatan,Kebayoran Baru,Kramat Pela,12130
DKI Jakarta,Jakarta Selatan,Kebayoran Baru,Selong,12110
DKI Jakarta,Jakarta Selatan,Kebayoran Baru,Gunung,12120
DKI Jakarta,Jakarta Barat,Kalideres,Semanan,11850
DKI Jakarta,Jakarta Barat,Kalideres,Tegal Alur,11820
DKI Jakarta,Jakarta Barat,Kalideres,Pegadungan,11830
DKI Jakarta,Jakarta Barat,Kalideres,Kalideres,11840
DKI Jakarta,Jakarta Barat,Kalideres,Kamal,11810
DKI Jakarta,Jakarta Barat,Cengkareng,Duri Kosambi,11750
DKI Jakarta,Jakarta Barat,Cengkareng,Rawa Buaya,11740
DKI Jakarta,Jakarta Barat,Cengkareng,Cengkareng Timur,11730
DKI Jakarta,Jakarta Barat,Cengkareng,Cengkareng Barat,11730
DKI Jakarta,Jakarta Barat,Cengkareng,Kedaung Kali Angke,11710
DKI Jakarta,Jakarta Barat,Cengkareng,Kapuk,11720
DKI Jakarta,Jakarta Barat,Kembangan,Joglo,11640
DKI Jakarta,Jakarta Barat,Kembangan,Meruya Selatan (Udik),11650
DKI Jakarta,Jakarta Barat,Kembangan,Kembangan Utara,11610
DKI Jakarta,Jakarta Barat,Kebon Jeruk,Sukabumi Selatan (Udik),11560
DKI Jakarta,Jakarta Barat,Kebon Jeruk,Kelapa Dua,11550
DKI Jakarta,Jakarta Barat,Kebon Jeruk,Kebon Jeruk,11530
DKI Jakarta,Jakarta Barat,Kebon Jeruk,Sukabumi Utara (Ilir),11540
DKI Jakarta,Jakarta Barat,Kebon Jeruk,Kedoya Utara,11520
DKI Jakarta,Jakarta Barat,Kebon Jeruk,Duri Kepa,11510
DKI Jakarta,Jakarta Barat,Kebon Jeruk,Kedoya Selatan,11520
DKI Jakarta,Jakarta Barat,Palmerah,Palmerah,11480
DKI Jakarta,Jakarta Barat,Palmerah,Kemanggisan,11480
DKI Jakarta,Jakarta Barat,Grogol Petamburan,Tanjung Duren Utara,11470
DKI Jakarta,Jakarta Barat,Grogol Petamburan,Tanjung Duren Selatan,11470
DKI Jakarta,Jakarta Barat,Grogol Petamburan,Jelambar Baru,11460
DKI Jakarta,Jakarta Barat,Grogol Petamburan,Wijaya Kusuma,11460
DKI Jakarta,Jakarta Barat,Grogol Petamburan,Jelambar,11460
DKI Jakarta,Jakarta Barat,Grogol Petamburan,Grogol,11450
DKI Jakarta,Jakarta Barat,Palmerah,Jatipulo,11430
DKI Jakarta,Jakarta Barat,Palmerah,Slipi,11410
DKI Jakarta,Jakarta Barat,Tambora,Jembatan Besi,11320
DKI Jakarta,Jakarta Barat,Tambora,Angke,11330
DKI Jakarta,Jakarta Barat,Tambora,Kali Anyar,11310
DKI Jakarta,Jakarta Barat,Tambora,Duri Utara,11270
DKI Jakarta,Jakarta Barat,Tambora,Krendang,11260
DKI Jakarta,Jakarta Barat,Tambora,Duri Selatan,11270
DKI Jakarta,Jakarta Barat,Tambora,Pekojan,11240
DKI Jakarta,Jakarta Barat,Tambora,Jembatan Lima,11250
DKI Jakarta,Jakarta Barat,Tambora,Roa Malaka,11230
DKI Jakarta,Jakarta Barat,Tambora,Tanah Sereal,11210
DKI Jakarta,Jakarta Barat,Tambora,Tambora,11220
DKI Jakarta,Jakarta Barat,Taman Sari,Tangki,11170
DKI Jakarta,Jakarta Barat,Taman Sari,Mangga Besar,11180
DKI Jakarta,Jakarta Barat,Taman Sari,Taman Sari,11150
DKI Jakarta,Jakarta Barat,Taman Sari,Maphar,11160
DKI Jakarta,Jakarta Barat,Taman Sari,Keagungan,11130
DKI Jakarta,Jakarta Pusat,Sawah Besar,Mangga Dua Selatan,10730
DKI Jakarta,Jakarta Pusat,Sawah Besar,Karang Anyar,10740
DKI Jakarta,Jakarta Pusat,Sawah Besar,Kartini,10750
DKI Jakarta,Jakarta Pusat,Sawah Besar,Gunung Sahari Utara,10720
DKI Jakarta,Jakarta Pusat,Kemayoran,Utan Panjang,10650
DKI Jakarta,Jakarta Pusat,Sawah Besar,Pasar Baru,10710
DKI Jakarta,Jakarta Pusat,Kemayoran,Sumur Batu,10640
DKI Jakarta,Jakarta Pusat,Kemayoran,Serdang,10650
DKI Jakarta,Jakarta Pusat,Kemayoran,Harapan Mulya,10640
DKI Jakarta,Jakarta Pusat,Kemayoran,Cempaka Baru,10640
DKI Jakarta,Jakarta Pusat,Kemayoran,Kemayoran,10620
DKI Jakarta,Jakarta Pusat,Kemayoran,Kebon Kosong,10630
DKI Jakarta,Jakarta Pusat,Kemayoran,Gunung Sahari Selatan,10610
DKI Jakarta,Jakarta Pusat,Cempaka Putih,Rawasari,10570
DKI Jakarta,Jakarta Pusat,Johar Baru,Johar Baru,10560
DKI Jakarta,Jakarta Pusat,Johar Baru,Tanah Tinggi,10540
DKI Jakarta,Jakarta Pusat,Johar Baru,Kampung Rawa,10550
